# u0_mock(G) for DR3-like RUWE = UWE / u0 in the pop mock (#400 N2-u0; docs/EPOCH_MODEL_SPEC.md §8.8)
# statistic: 41th percentile of mock single-star UWE per G bin (Lindegren 2018, GAIA-C3-TN-LU-LL-124 §4)
# mock singles: gaiamock_mod predict_astrometry_single_source at random gaia_source positions,
#   v2 epoch model + bright per-CCD excess noise (dr3.epoch_model), UWE from gaiamock check_ruwe
# source: u0_singles.jsonl sha256 e887c0b5d806f5af13161ec055082cfdd811a954a95c38d802d1c0f1e83de47b; 600 stars per 0.25-mag bin, seed 4006
# created 2026-10-04T00:11:31.625841+00:00 by scripts/calibrate_epoch_model_400.py u0-table
# colour axis collapsed: gaiamock's per-CCD noise has no colour dependence
g,u0
4.125,1.21654
4.375,1.21180
4.625,1.21238
4.875,1.21552
5.125,1.21012
5.375,1.21790
5.625,1.20499
5.875,1.19568
6.125,1.19174
6.375,1.19094
6.625,1.18791
6.875,1.19254
7.125,1.19029
7.375,1.19615
7.625,1.20388
7.875,1.20040
8.125,1.20019
8.375,1.18850
8.625,1.19330
8.875,1.20496
9.125,1.21201
9.375,1.24042
9.625,1.24056
9.875,1.24244
10.125,1.27372
10.375,1.26245
10.625,1.28607
10.875,1.31917
11.125,1.33865
11.375,1.33226
11.625,1.29465
11.875,1.25967
12.125,1.21720
12.375,1.16488
12.625,1.13618
12.875,1.10895
13.125,0.92414
13.375,0.93922
13.625,0.95117
13.875,0.94090
14.125,0.93697
14.375,0.95411
14.625,0.94613
14.875,0.95319
15.125,0.95581
15.375,0.96555
15.625,0.97444
15.875,0.97070
16.125,0.97476
16.375,0.97954
16.625,0.97783
16.875,0.98038
17.125,0.98183
17.375,0.98663
17.625,0.98047
17.875,0.98261
18.125,0.98603
18.375,0.98853
18.625,0.98365
18.875,0.98731
